img_name,pred_marks
gbeOzSl.jpg,2
UpUB4NP.jpg,3
d0CumBh.jpg,3
jMBzTSY.jpg,6
K4M2DDt.jpg,6
MvHSRmI.jpg,4
FikUEoA.jpg,4
15KUC2C.jpg,5
IF69nYD.jpg,6
QjnYgjU.jpg,5
A2sNCY3.jpg,4
OKJ3j3G.jpg,5
rBUuCSx.jpg,5
F0nOhUP.jpg,5
WacNh4T.jpg,5
89atndp.jpg,5
BJMdF88.jpg,5
Rk1G1aS.jpg,4
4eC8euy.jpg,5
zQshA2F.jpg,6
ZGzhVNg.jpg,4
3G7htqD.jpg,5
v4aJrqY.jpg,5
y6Vf5sD.jpg,5
UXsG00l.jpg,5
HIZNGdx.jpg,6
HOtiavT.jpg,5
Qr2F5vt.jpg,6
hJTSb28.jpg,6
uwONgIj.jpg,4
u6uDFnY.jpg,6
lvPI3dz.jpg,6
vpI8WEb.jpg,7
mMcX0kT.jpg,6
kK8CqVE.jpg,6
dmBFpeL.jpg,6
tpPFzmO.jpg,6
ZGGigCm.jpg,6
oYYOzj0.jpg,6
S4Gjogj.jpg,6
kc3HJAc.jpg,7
bO9N14J.jpg,6
2sjzRpB.jpg,5
hOqd6O1.jpg,7
0uMtPz0.jpg,6
WbvDqtc.jpg,6
1NFTcys.jpg,8
6f36g6m.jpg,6
mCkySBG.jpg,6
eW2yoSH.jpg,6
rzQDZm4.jpg,7
bd3p317.jpg,7
4us8p1f.jpg,7
Hj9MaiP.jpg,7
dYAaz7m.jpg,7
qKVBUWs.jpg,6
VrcsNov.jpg,7
bOMQ443.jpg,7
E0RhGxf.jpg,7
jioK374.jpg,8
uJgHSki.jpg,8
5pOfNJj.jpg,8
hSIB9dp.jpg,8
vhKiEc5.jpg,7
PJF97Sn.jpg,7
SpbJje9.jpg,7
qDeau8F.jpg,8
9jJTcYP.jpg,7
IZoP6L9.jpg,7
DpJMbdM.jpg,8
kGfwhg1.jpg,7
hTdvXQF.jpg,7
vljoMvg.jpg,9
J4KSh3L.jpg,5
q084olr.jpg,7
LmfCbHP.jpg,8
xE2j1uA.jpg,7
406Rype.jpg,5
UnyTYcI.jpg,7
DiAuBgf.jpg,8
XZfYPZf.jpg,8
DpgnoTP.jpg,8
hsrMdD1.jpg,8
pzjmQaX.jpg,6
QboFh7Q.jpg,7
ZHdcDRf.jpg,7
m0uDWq4.jpg,8
DCqErqb.jpg,9
x6TAizQ.jpg,8
g2XWJ8f.jpg,8
WG85Ru8.jpg,8
2xCuXpB.jpg,9
yArHNVc.jpg,8
f5UXaA3.jpg,8
KYwE0DO.jpg,8
WZ5A722.jpg,9
H9hqtAY.jpg,9
o8Eg109.jpg,9
Jg6DDR7.jpg,2
0CtvlvW.jpg,2
EPA6x5l.jpg,2
OsPw2qc.jpg,2
dzWtTiV.jpg,3
eMa8BlA.jpg,2
kaXEAip.jpg,3
CrwqCnM.jpg,2
Lj8xMTS.jpg,2
J5RlmQv.jpg,2
tjERJXl.jpg,5
thbXo3M.jpg,5
qOjvI4Q.jpg,3
jwVRl8o.jpg,5
qJ7zBpR.jpg,4
vMtPuyM.jpg,3
A2bBrU9.jpg,6
RCTcSK5.jpg,6
CCqulRg.jpg,6
YJ8QXIH.jpg,4
ZU7kvGx.jpg,4
GyyJzOi.jpg,4
zciEYbt.jpg,5
5Abx9M2.jpg,4
roxXaVD.jpg,3
TAJCbig.jpg,5
obx0nEW.jpg,4
v5r2evS.jpg,5
XiPBY60.jpg,5
WjrciTI.jpg,5
LNZv5Pn.jpg,5
AwF0CBa.jpg,3
3pwsTyE.jpg,5
sAoxOtx.jpg,5
sOHz97N.jpg,4
SevT653.jpg,5
gjQ3l7z.jpg,5
pi57kK6.jpg,6
YUtXx1Q.jpg,5
IqSlvss.jpg,4
tYiDdZY.jpg,5
rZQ0RuV.jpg,4
epimQv0.jpg,5
9FgCGu3.jpg,4
0lnF9tq.jpg,4
DSxCXr6.jpg,5
AUFftAQ.jpg,5
lqdSQBD.jpg,5
GUJBXzs.jpg,4
2bdo5ud.jpg,5
lx19RYA.jpg,5
XtmUIuV.jpg,6
I6Y9leA.jpg,4
VJFlqhC.jpg,5
EPXRcep.jpg,7
YAy4x2y.jpg,8
w1cmMVA.jpg,7
nVDIV7v.jpg,8
ROdYDt2.jpg,5
y2wzyA1.jpg,9
n1jxrs3.jpg,9
vHWNFJ2.jpg,9
NDKzZ1k.jpg,9
plR6CUU.jpg,9
oTtfso4.jpg,9
x9v67l6.jpg,1
ewA8Rpn.jpg,1
E6MwJ00.jpg,1
9tuGAkX.jpg,3
r53EbYv.jpg,1
smkLrZa.jpg,1
IRpxdDf.jpg,1
hBD1FRE.jpg,2
EXLa4p7.jpg,1
uCpvJcc.jpg,2
Ul9u6l6.jpg,2
u2GZM4K.jpg,2
D7klNpd.jpg,1
yF4wPq5.jpg,1
r9ByOWm.jpg,3
52pqQSe.jpg,2
Q2a6ahU.jpg,1
BLK52Gc.jpg,2
k0xTfJi.jpg,3
msX3bBM.jpg,3
nG4XW3E.jpg,3
rtCMIC1.jpg,3
WxtTFL6.jpg,3
iw06r3Q.jpg,3
PXamf6c.jpg,4
RZH24s7.jpg,3
favEvzP.jpg,4
I3rHIGa.jpg,4
LCB41h0.jpg,3
T2EiQ3J.jpg,5
uWMcs2Y.jpg,4
56jXNyb.jpg,2
6EoSuEJ.jpg,4
pG15tPy.jpg,4
OEOMwNz.jpg,4
GCKySAb.jpg,4
KikF8Hg.jpg,3
g9OnxRJ.jpg,4
6jHuOGj.jpg,4
hr0SaFm.jpg,3
t4fbUW1.jpg,4
LRccyJJ.jpg,5
fSgibgb.jpg,5
sB9gIJP.jpg,4
XHbvbhu.jpg,5
k0R3DoI.jpg,8
k3MGv5p.jpg,5
5vQyXpN.jpg,5
leDjQxO.jpg,5
VOWRKeG.jpg,5
1KUsNqb.jpg,5
Zcai4vg.jpg,5
k3fXpaB.jpg,7
TphRpXN.jpg,6
WqsQ2oM.jpg,6
y1LnCHF.jpg,6
naF0DTz.jpg,5
fSoFduO.jpg,6
tA3XsPA.jpg,6
o6iFate.jpg,6
Ao4IYZg.jpg,8
Tybelpt.jpg,6
dcKPZ70.jpg,6
tRSUcnu.jpg,7
il7ZzYK.jpg,6
0MCLnne.jpg,6
BwGdMO9.jpg,5
94eVJfM.jpg,6
YaewHUB.jpg,6
dDKJWPG.jpg,5
nV9zHTn.jpg,6
fWen73r.jpg,6
keUAEPk.jpg,5
SHj76OQ.jpg,6
xhc4R2G.jpg,6
fxCtAQD.jpg,6
PJeMxbg.jpg,5
Vlo8tqw.jpg,6
QHgIPCx.jpg,7
NzBinsy.jpg,7
cRogGRp.jpg,7
yc12lqc.jpg,7
n5LMW0T.jpg,7
f6396vC.jpg,7
8r86TYY.jpg,6
IOj3f0x.jpg,8
vrEo0y1.jpg,6
L5rBGZ5.jpg,7
diLM5gw.jpg,7
jbJWS9A.jpg,7
iz8f2EL.jpg,7
VdH6dUQ.jpg,7
pKLNQz5.jpg,7
UeKwymv.jpg,7
TXVeZeI.jpg,7
sJcae3x.jpg,7
s1XljD0.jpg,7
LUYBpyQ.jpg,7
Ef8ACCI.jpg,7
7iL00J4.jpg,7
xKeed9J.jpg,7
bFD9eUD.jpg,7
FMctx8O.jpg,6
qNdhAQG.jpg,7
bUvk9iA.jpg,7
GRBnj1Z.jpg,7
SMm9p1N.jpg,7
6FPOAn4.jpg,7
6xcmfsB.jpg,7
alybfPY.jpg,6
9q4RhnA.jpg,7
7c7a0By.jpg,7
seedZky.jpg,8
GUALkq5.jpg,7
N1HDgWz.jpg,8
8uEnJiI.jpg,7
s5fq6IA.jpg,7
e38fphp.jpg,8
j6uC3Xk.jpg,8
6nLvfDA.jpg,8
XYvZQ69.jpg,8
jzBnw4J.jpg,8
6tXsNC9.jpg,7
KB26N1r.jpg,8
Gn7hJNd.jpg,7
zxomqZY.jpg,7
7pahTUB.jpg,8
JyjneLe.jpg,8
DrHXuVC.jpg,8
AZ76rSV.jpg,8
SQ3PfSs.jpg,8
eGngzyy.jpg,8
LAB7L4d.jpg,9
TQUHeNf.jpg,6
dmZCR9Y.jpg,8
rxCG3WE.jpg,8
SxxUauX.jpg,8
OqVkVCv.jpg,8
NGhWj87.jpg,8
8F8YMZl.jpg,6
KKfbb39.jpg,8
ZvHkGNT.jpg,8
WJstHO0.jpg,7
cScH1M6.jpg,6
CLBs5ko.jpg,8
UAPlfB2.jpg,8
B4XCYz9.jpg,10
EIHSAUE.jpg,8
sVRUXRv.jpg,8
H6JMOwY.jpg,8
Qet6ZdJ.jpg,8
nWCK5mU.jpg,7
FNjcH1n.jpg,9
BniP88N.jpg,9
baS4IPn.jpg,9
vrpQEKp.jpg,8
h8CIV67.jpg,7
Qi8cQd9.jpg,8
Jqj9QLY.jpg,9
lXzz6uS.jpg,9
96QZdd8.jpg,9
dKh1074.jpg,9
DlrYDgV.jpg,7
T04C5Cf.jpg,9
cWwqME1.jpg,9
sKJHopD.jpg,9
xsXKhSL.jpg,8
MV5KDC8.jpg,10
KGv7TpN.jpg,10
YqjoUp3.jpg,9
4o6dYrK.jpg,9
9ho2npk.jpg,10
x8FnUkW.jpg,9
OAg9Tcu.jpg,9
wN4cbxp.jpg,10
atMTlVH.jpg,10
6ZEaAgP.jpg,10
0OdLk7m.jpg,10
0rmWKaj.jpg,1
AEvXq0w.jpg,4
pDpbHYg.jpg,1
rYEPaeR.jpg,1
MLNMK7L.jpg,1
DT4N2Zg.jpg,1
nD8jfSQ.jpg,2
uhFFYJ4.jpg,1
HGxZ4n9.jpg,2
yfnPUlS.jpg,1
1BDUOhL.jpg,5
gMDq8yp.jpg,1
EB96Q7Y.jpg,1
Sm6e1Td.jpg,1
GidbMC1.jpg,1
JR5NBIN.jpg,2
0c7xEno.jpg,1
PAaDQxm.jpg,1
UmqXxrS.jpg,3
BUtmjUM.jpg,2
gKxPK1Y.jpg,3
3zxEEBC.jpg,2
F0L3AOw.jpg,1
mrijc85.jpg,3
qXZqYLa.jpg,1
WmsdhW5.jpg,1
yFqaV83.jpg,2
fNB1Xh6.jpg,1
DyEbp6j.jpg,1
tDvfNiE.jpg,5
8e9QLg4.jpg,1
YAvWe7x.jpg,1
qmwIFuq.jpg,1
kSgH2u5.jpg,1
v10kqqM.jpg,1
Kx9Dpvo.jpg,1
JknFlEx.jpg,2
xVlxPxC.jpg,1
vblP2gM.jpg,1
Icxu8bH.jpg,1
DMStlYW.jpg,3
y50hEHK.jpg,4
NNgkxyl.jpg,4
7T7pRQW.jpg,1
AbOkl8A.jpg,0
VMvseht.jpg,1
k2F7UH9.jpg,1
kLPP4io.jpg,1
YvqixMk.jpg,1
RDvyz0H.jpg,1
246j0f6.jpg,1
Q9W8wOw.jpg,3
ofbF5fL.jpg,1
XZZpu5U.jpg,1
OasYZ7w.jpg,1
DFGByuP.jpg,1
ESaXykv.jpg,10
jlxLpcG.jpg,10
YAyfJTA.jpg,9
FVofCFc.jpg,7
icWtiVC.jpg,8
bAgEOfS.jpg,10
5nwXIEF.jpg,10
CutQ325.jpg,9
yyY2D8i.jpg,9
KAyvprp.jpg,7
nQw20fw.jpg,10
NzodNAi.jpg,9
neGZfyt.jpg,10
q2ejgty.jpg,10
uKXbpyN.jpg,9
VxY3oie.jpg,9
gKmfNLx.jpg,10
oyXPXol.jpg,9
1zHXQVK.jpg,10
VW40e4h.jpg,10
MgghiL8.jpg,9
SGX6mEJ.jpg,10
RFcUFz0.jpg,10
cbIcLP0.jpg,7
WcYuBgk.jpg,9
kJqpZlJ.jpg,8
rjFS7o6.jpg,7
qwUhUnX.jpg,10
plsg9LG.jpg,9
RN7zNhk.jpg,9
zaZoS31.jpg,10
1PPvSt1.jpg,10
feQ7tcB.jpg,10
CsJgfN3.jpg,9
3pGCYEU.jpg,8
hkpSQ2K.jpg,10
ucH9S9s.jpg,9
7I0zVgw.jpg,10
mlxhGQo.jpg,9
jsuJUBM.jpg,9
f6kyRqj.jpg,9
MbaIt3p.jpg,10
R2MhuVp.jpg,8
Jz2iZTo.jpg,9
uaLdeF8.jpg,10
HS8kvmW.jpg,9
xiBmbZu.jpg,10
GoB1jLf.jpg,10
8M5CU9m.jpg,8
mWBX4hq.jpg,10
A4qd5JR.jpg,7
bztNZnR.jpg,10
BlQwjrY.jpg,10
rIRR2QT.jpg,1
U1tXBng.jpg,3
8m1YEXP.jpg,4
RZzR3WP.jpg,3
Z2YvRlp.jpg,2
5NGPXWn.jpg,1
ZcOeygj.jpg,1
FpAdggD.jpg,2
ebHOerd.jpg,3
CVgnnPz.jpg,2
lgTFx2j.jpg,2
JX0es3Z.jpg,2
Ar4iTZu.jpg,3
1f5kc6O.jpg,2
H2iPb1j.jpg,3
xL6QQZg.jpg,1
F436xrf.jpg,2
gOCVU3H.jpg,3
jx1zqEB.jpg,2
Nqj6Ukg.jpg,5
RRYfaw8.jpg,3
DYcwFZ2.jpg,3
LPYDGGc.jpg,1
od6O51t.jpg,2
7vXHnR1.jpg,2
RRxEwCR.jpg,1
PWkOVq9.jpg,2
R4Lqvlx.jpg,2
7iS1YLO.jpg,4
NUQPQV8.jpg,2
JcwfXfG.jpg,1
SxOFztL.jpg,5
CVx5tZW.jpg,2
jVAcbJd.jpg,3
eJT0NAj.jpg,3
DtoSTqh.jpg,2
Onp7BQB.jpg,2
9X9qVWN.jpg,1
5VUV5Ds.jpg,3
SqzzLX5.jpg,2
IHbBRG1.jpg,2
eDELdBV.jpg,3
UmIo7nf.jpg,2
PYdhI8v.jpg,1
RNxITzv.jpg,3
lTliwxI.jpg,3
SUT4AWW.jpg,4
jiooheu.jpg,4
LSxnasq.jpg,4
1CCExTK.jpg,4
5GvROcS.jpg,3
104uBJZ.jpg,4
d698jqy.jpg,3
gPUwdE9.jpg,3
IbR3JQ2.jpg,4
InCQsuH.jpg,3
gygqDOa.jpg,3
ZiJMj3P.jpg,3
0Ld34zC.jpg,6
VcAzqW1.jpg,3
lLhLJNY.jpg,3
fq5o2TP.jpg,3
gWKDGZp.jpg,3
Itmbytc.jpg,3
GiTl4gv.jpg,4
AuWeWTd.jpg,3
04t0i6U.jpg,6
SLoEgZp.jpg,4
36XFKDU.jpg,3
W9e6qNn.jpg,3
40B8D9P.jpg,5
WcmRS3m.jpg,3
vxiTFZD.jpg,6
SWEGOOj.jpg,4
z9iMChP.jpg,6
cODChJY.jpg,3
GgtAhBF.jpg,3
6bqo0C9.jpg,4
STcovYo.jpg,4
jzWkUcH.jpg,3
l1ZVgCG.jpg,5
pgxC4RR.jpg,3
xicjOgf.jpg,3
cUCYouh.jpg,3
nx4Jtjd.jpg,5
WJnOlzC.jpg,4
55RvBa9.jpg,4
SF26PyJ.jpg,3
1gwlmOe.jpg,5
gyP6GmY.jpg,4
0qZVJKm.jpg,5
uGqNWz5.jpg,3
5ZXQiqK.jpg,5
wNpuM8I.jpg,3
fW3Q3I0.jpg,3
qz31CIs.jpg,3
nrdsLDa.jpg,3
fj6yfEh.jpg,3
hhJrQUf.jpg,4
hEADtQh.jpg,3
MKo064b.jpg,4
ypdRsuD.jpg,4
IUmBbJR.jpg,3
TLzmbPh.jpg,4
IEH3YjW.jpg,5
lbg7D6C.jpg,3
yvobPIk.jpg,4
faXTONV.jpg,4
D2hIAB7.jpg,3
SsSbA8u.jpg,4
xaxBugs.jpg,4
GdDku30.jpg,7
O0KTNBq.jpg,3
dOhV2kI.jpg,4
My1dMYr.jpg,4
2PvIZDE.jpg,7
GMgHHm1.jpg,4
XXfy8uN.jpg,5
pBOLe58.jpg,4
JmeCIC1.jpg,6
3kYHjN0.jpg,4
gtyqlcL.jpg,4
CgQmkHz.jpg,1
lyr0YBB.jpg,4
J6SsjFs.jpg,6
VyHTNQ9.jpg,3
ly91BaO.jpg,5
a72tRvR.jpg,5
LQah8ff.jpg,5
tc0TwSp.jpg,5
H6A3t08.jpg,5
gdtcR42.jpg,5
gOTMKLB.jpg,5
Kk3EIE8.jpg,5
rZbH3th.jpg,5
AoWLqhH.jpg,5
57xTE5U.jpg,3
qlwikIg.jpg,5
F4DRxwk.jpg,6
Zfq18VD.jpg,6
NIDRNKM.jpg,6
S9amPJh.jpg,5
wCaaOdq.jpg,6
wGegiaZ.jpg,3
17Eh4M5.jpg,5
gaFls3o.jpg,5
yuRHqjH.jpg,6
sPGI0Yj.jpg,8
7UgFm9q.jpg,8
8wUWOwd.jpg,9
niEMuqt.jpg,7
VT1eUse.jpg,8
qFKyFdJ.jpg,8
b2UruIc.jpg,8
2EufWcq.jpg,7
IbBere6.jpg,7
AhnOq2U.jpg,8
rijC15L.jpg,8
zWXFXYW.jpg,8
FpQD5VW.jpg,8
fZ2tBIx.jpg,9
ICIXFCp.jpg,9
u20CbaY.jpg,9
mGHkXo0.jpg,7
xPcfWPI.jpg,7
bvW2cMc.jpg,8
MNx2JmJ.jpg,7
u9Wer6S.jpg,9
q8iJyk0.jpg,9
Bk5vzlP.jpg,8
hhP1kex.jpg,10
jLVlBi4.jpg,8
89Qr0VM.jpg,7
CG1NIoo.jpg,9
yRPD0Dn.jpg,7
MBJiE0X.jpg,7
54jROSP.jpg,6
apa52fV.jpg,9
y2z8DRH.jpg,7
KctCRld.jpg,9
nhDmSKc.jpg,8
MmuQQou.jpg,9
zHa0aYH.jpg,9
VQI5gRv.jpg,9
uSpnyHB.jpg,9
O63hzUh.jpg,9
R0rvJ4W.jpg,7
D6dDvU3.jpg,9
Sb9xEDW.jpg,7
yo3KVbK.jpg,9
vT46Zg1.jpg,9
G1CZP6M.jpg,9
frSrwVi.jpg,9
PtQ8lwm.jpg,7
bOOb4M8.jpg,9
